﻿INFORMAÇÕES SOBRE A DEMANDA - JUNHO/2018;;;;;;;;;;;;;;
;;;;;;;;;;;;;;
ENTRADA DE PASSAGEIROS POR LINHA¹;;;;;;;;;;;;;;
;;;;;;;;;;;;;;
DEMANDA (milhares);Linha 1 - Azul ;Linha 2 - Verde;Linha 3 - Vermelha;Linha 5 - Lilás² ;Linha 15 - Prata ;Rede;;;;;;;;
Total;24.961;12.900;29.583;7.401;251;75.096;;;;;;;;
Média dos dias úteis ;1.031;545;1.198;305;12;3.091;;;;;;;;
Média dos Sábados ;554;237;693;172;1;1.657;;;;;;;;
Média dos Domingos ;317;175;438;69;1;999;;;;;;;;
Máxima Diária ;1.103;575;1.267;327;13;3.284;;;;;;;;
Fonte: Diretoria de Operações / Coordenadoria de Informações Gerenciais e Estudos Estratégicos;;;;;;;;;;;;;;
¹ Corresponde às entradas pelas linhas de bloqueios;;;;;;;;;;;;;;
² Início da Operação Comercial das estações Alto da Boa Vista, Borba Gato e Brooklin em 27/11/2017 e da estação Eucaliptos em 02/04/2018.;;;;;;;;;;;;;;
;;;;;;;;;;;;;;
;;;;;;;;;;;;;;
;;;;;;;;;;;;;;
;;;;;;;;;;;;;;
;;;;;;;;;;;;;;
;;;;;;;;;;;;;;
;;;;;;;;;;;;;;
;;;;;;;;;;;;;;
;;;;;;;;;;;;;;
;;;;;;;;;;;;;;
;;;;;;;;;;;;;;
;;;;;;;;;;;;;;
;;;;;;;;;;;;;;
;;;;;;;;;;;;;;
;;;;;;;;;;;;;;
;;;;;;;;;;;;;;
;;;;;;;;;;;;;;
;;;;;;;;;;;;;;
;;;;;;;;;;;;;;
;;;;;;;;;;;;;;
;;;;;;;;;;;;;;
